{"cameraMode":{"drawMode":0,"name":"Shaded","section":"Shading Mode"},"sceneLighting":true,"audioPlay":false,"sceneViewState":{"showFog":true,"showMaterialUpdate":false,"showSkybox":true,"showFlares":true,"showImageEffects":true,"showParticleSystems":true},"in2DMode":false,"pivot":{"x":14.970436096191407,"y":-1.9168224334716797,"z":-0.9869346618652344},"rotation":{"x":0.21815162897109986,"y":0.25865498185157778,"z":-0.06037522107362747,"w":0.9391642212867737},"size":11.218283653259278,"orthographic":false}